patient_ref,email,password,full_name
PT-00001,pt-00001@medisight.dev,Patient123!,Demo Patient PT-00001
PT-00002,pt-00002@medisight.dev,Patient123!,Demo Patient PT-00002
PT-00003,pt-00003@medisight.dev,Patient123!,Demo Patient PT-00003
PT-00004,pt-00004@medisight.dev,Patient123!,Demo Patient PT-00004
PT-00005,pt-00005@medisight.dev,Patient123!,Demo Patient PT-00005
PT-00006,patient@medisight.dev,Patient123!,Priya Sharma
PT-00007,pt-00007@medisight.dev,Patient123!,Demo Patient PT-00007
PT-00008,pt-00008@medisight.dev,Patient123!,Demo Patient PT-00008
PT-00009,pt-00009@medisight.dev,Patient123!,Demo Patient PT-00009
PT-00010,pt-00010@medisight.dev,Patient123!,Demo Patient PT-00010
PT-00011,pt-00011@medisight.dev,Patient123!,Demo Patient PT-00011
PT-00012,pt-00012@medisight.dev,Patient123!,Demo Patient PT-00012
PT-00013,pt-00013@medisight.dev,Patient123!,Demo Patient PT-00013
PT-00014,pt-00014@medisight.dev,Patient123!,Demo Patient PT-00014
PT-00015,pt-00015@medisight.dev,Patient123!,Demo Patient PT-00015
PT-00016,pt-00016@medisight.dev,Patient123!,Demo Patient PT-00016
PT-00017,pt-00017@medisight.dev,Patient123!,Demo Patient PT-00017
PT-00018,pt-00018@medisight.dev,Patient123!,Demo Patient PT-00018
PT-00019,pt-00019@medisight.dev,Patient123!,Demo Patient PT-00019
PT-00020,pt-00020@medisight.dev,Patient123!,Demo Patient PT-00020
PT-00021,pt-00021@medisight.dev,Patient123!,Demo Patient PT-00021
PT-00022,pt-00022@medisight.dev,Patient123!,Demo Patient PT-00022
PT-00023,pt-00023@medisight.dev,Patient123!,Demo Patient PT-00023
PT-00024,pt-00024@medisight.dev,Patient123!,Demo Patient PT-00024
PT-00025,pt-00025@medisight.dev,Patient123!,Demo Patient PT-00025
PT-00026,pt-00026@medisight.dev,Patient123!,Demo Patient PT-00026
PT-00027,pt-00027@medisight.dev,Patient123!,Demo Patient PT-00027
PT-00028,pt-00028@medisight.dev,Patient123!,Demo Patient PT-00028
PT-00029,pt-00029@medisight.dev,Patient123!,Demo Patient PT-00029
PT-00030,pt-00030@medisight.dev,Patient123!,Demo Patient PT-00030
PT-00031,pt-00031@medisight.dev,Patient123!,Demo Patient PT-00031
PT-00032,pt-00032@medisight.dev,Patient123!,Demo Patient PT-00032
PT-00033,pt-00033@medisight.dev,Patient123!,Demo Patient PT-00033
PT-00034,pt-00034@medisight.dev,Patient123!,Demo Patient PT-00034
PT-00035,pt-00035@medisight.dev,Patient123!,Demo Patient PT-00035
PT-00036,pt-00036@medisight.dev,Patient123!,Demo Patient PT-00036
PT-00037,pt-00037@medisight.dev,Patient123!,Demo Patient PT-00037
PT-00038,pt-00038@medisight.dev,Patient123!,Demo Patient PT-00038
PT-00039,pt-00039@medisight.dev,Patient123!,Demo Patient PT-00039
PT-00040,pt-00040@medisight.dev,Patient123!,Demo Patient PT-00040
PT-00041,pt-00041@medisight.dev,Patient123!,Demo Patient PT-00041
PT-00042,pt-00042@medisight.dev,Patient123!,Demo Patient PT-00042
PT-00043,pt-00043@medisight.dev,Patient123!,Demo Patient PT-00043
PT-00044,pt-00044@medisight.dev,Patient123!,Demo Patient PT-00044
PT-00045,pt-00045@medisight.dev,Patient123!,Demo Patient PT-00045
PT-00046,pt-00046@medisight.dev,Patient123!,Demo Patient PT-00046
PT-00047,pt-00047@medisight.dev,Patient123!,Demo Patient PT-00047
PT-00048,pt-00048@medisight.dev,Patient123!,Demo Patient PT-00048
PT-00049,pt-00049@medisight.dev,Patient123!,Demo Patient PT-00049
PT-00050,pt-00050@medisight.dev,Patient123!,Demo Patient PT-00050
PT-00051,pt-00051@medisight.dev,Patient123!,Demo Patient PT-00051
PT-00052,pt-00052@medisight.dev,Patient123!,Demo Patient PT-00052
PT-00053,pt-00053@medisight.dev,Patient123!,Demo Patient PT-00053
PT-00054,pt-00054@medisight.dev,Patient123!,Demo Patient PT-00054
PT-00055,pt-00055@medisight.dev,Patient123!,Demo Patient PT-00055
PT-00056,pt-00056@medisight.dev,Patient123!,Demo Patient PT-00056
PT-00057,pt-00057@medisight.dev,Patient123!,Demo Patient PT-00057
PT-00058,pt-00058@medisight.dev,Patient123!,Demo Patient PT-00058
PT-00059,pt-00059@medisight.dev,Patient123!,Demo Patient PT-00059
PT-00060,pt-00060@medisight.dev,Patient123!,Demo Patient PT-00060
PT-00061,pt-00061@medisight.dev,Patient123!,Demo Patient PT-00061
PT-00062,pt-00062@medisight.dev,Patient123!,Demo Patient PT-00062
PT-00063,pt-00063@medisight.dev,Patient123!,Demo Patient PT-00063
PT-00064,pt-00064@medisight.dev,Patient123!,Demo Patient PT-00064
PT-00065,pt-00065@medisight.dev,Patient123!,Demo Patient PT-00065
PT-00066,pt-00066@medisight.dev,Patient123!,Demo Patient PT-00066
PT-00067,pt-00067@medisight.dev,Patient123!,Demo Patient PT-00067
PT-00068,pt-00068@medisight.dev,Patient123!,Demo Patient PT-00068
PT-00069,pt-00069@medisight.dev,Patient123!,Demo Patient PT-00069
PT-00070,pt-00070@medisight.dev,Patient123!,Demo Patient PT-00070
PT-00071,pt-00071@medisight.dev,Patient123!,Demo Patient PT-00071
PT-00072,pt-00072@medisight.dev,Patient123!,Demo Patient PT-00072
PT-00073,pt-00073@medisight.dev,Patient123!,Demo Patient PT-00073
PT-00074,pt-00074@medisight.dev,Patient123!,Demo Patient PT-00074
PT-00075,pt-00075@medisight.dev,Patient123!,Demo Patient PT-00075
PT-00076,pt-00076@medisight.dev,Patient123!,Demo Patient PT-00076
PT-00077,pt-00077@medisight.dev,Patient123!,Demo Patient PT-00077
PT-00078,pt-00078@medisight.dev,Patient123!,Demo Patient PT-00078
PT-00079,pt-00079@medisight.dev,Patient123!,Demo Patient PT-00079
PT-00080,pt-00080@medisight.dev,Patient123!,Demo Patient PT-00080
PT-00081,pt-00081@medisight.dev,Patient123!,Demo Patient PT-00081
PT-00082,pt-00082@medisight.dev,Patient123!,Demo Patient PT-00082
PT-00083,pt-00083@medisight.dev,Patient123!,Demo Patient PT-00083
PT-00084,pt-00084@medisight.dev,Patient123!,Demo Patient PT-00084
PT-00085,pt-00085@medisight.dev,Patient123!,Demo Patient PT-00085
PT-00086,pt-00086@medisight.dev,Patient123!,Demo Patient PT-00086
PT-00087,pt-00087@medisight.dev,Patient123!,Demo Patient PT-00087
PT-00088,pt-00088@medisight.dev,Patient123!,Demo Patient PT-00088
PT-00089,pt-00089@medisight.dev,Patient123!,Demo Patient PT-00089
PT-00090,pt-00090@medisight.dev,Patient123!,Demo Patient PT-00090
PT-00091,pt-00091@medisight.dev,Patient123!,Demo Patient PT-00091
PT-00092,pt-00092@medisight.dev,Patient123!,Demo Patient PT-00092
PT-00093,pt-00093@medisight.dev,Patient123!,Demo Patient PT-00093
PT-00094,pt-00094@medisight.dev,Patient123!,Demo Patient PT-00094
PT-00095,pt-00095@medisight.dev,Patient123!,Demo Patient PT-00095
PT-00096,pt-00096@medisight.dev,Patient123!,Demo Patient PT-00096
PT-00097,pt-00097@medisight.dev,Patient123!,Demo Patient PT-00097
PT-00098,pt-00098@medisight.dev,Patient123!,Demo Patient PT-00098
PT-00099,pt-00099@medisight.dev,Patient123!,Demo Patient PT-00099
PT-00100,pt-00100@medisight.dev,Patient123!,Demo Patient PT-00100
